<?xml version="1.0" encoding="UTF-8" ?>
<!DOCTYPE struts PUBLIC
        "-//Apache Software Foundation//DTD Struts Configuration 6.0//EN"
        "http://struts.apache.org/dtds/struts-6.0.dtd">
<struts>
    <constant name="struts.enable.DynamicMethodInvocation" value="true"/>
    <constant name="struts.custom.i18n.resources" value="messages" />
    <constant name="struts.conversionPattern" value="yyyy-MM-dd" />
    <constant name="struts.typeConverter" value="cn.edu.zjut.converter.DateConverter" />
    <constant name="struts.custom.i18n.resources" value="UserAction" />
    <constant name="struts.i18n.encoding" value="UTF-8" />

    <package name="strutsBean" extends="struts-default" namespace="/">
        <interceptors>
            <interceptor name="authority" class="cn.edu.zjut.interceptors.AuthorityInterceptor"/>
        </interceptors>

        <action name="login" class="cn.edu.zjut.action.UserAction" method="login">
            <result name="success">/loginSuccess.jsp</result>
            <result name="fail">/login.jsp</result>
        </action>
        <action name="allItems" class="cn.edu.zjut.action.ItemAction" method="getAllItems">
            <result name="login">/login.jsp</result>
            <result name="success">/itemList.jsp</result>
            <interceptor-ref name="defaultStack"/>
            <interceptor-ref name="authority"/>
        </action>

    </package>
</struts>
