<?xml version="1.0" encoding="UTF-8"?>
<!DOCTYPE hibernate-mapping PUBLIC "-//Hibernate/Hibernate Mapping DTD 3.0//EN"
        "http://hibernate.sourceforge.net/hibernate-mapping-3.0.dtd">
<hibernate-mapping>
    <class name="cn.edu.zjut.po.Customer" table="customer">
        <id name="customerID" type="java.lang.Integer">
            <column name="customerID" />
<!--            <generator class="identity" />-->
        </id>
        <property name="account" type="java.lang.String">
            <column name="account" length="20" not-null="true" />
        </property>
        <property name="password" type="java.lang.String">
            <column name="password" length="20" not-null="true" />
        </property>
        <property name="name" type="java.lang.String">
            <column name="name" length="20" />
        </property>
        <property name="sex" type="java.lang.Boolean">
            <column name="sex" />
        </property>
        <property name="birthday" type="java.util.Date">
            <column name="birthday" />
        </property>
        <property name="phone" type="java.lang.String">
            <column name="phone" length="20" />
        </property>
        <property name="email" type="java.lang.String">
            <column name="email" length="100" />
        </property>
        <property name="address" type="java.lang.String">
            <column name="address" length="200" />
        </property>
        <property name="zipcode" type="java.lang.String">
            <column name="zipcode" length="10" />
        </property>
        <property name="fax" type="java.lang.String">
            <column name="fax" length="20" />
        </property>
    </class>
</hibernate-mapping>
