<!DOCTYPE mapper PUBLIC "-//mybatis.org//DTD Mapper 3.0//EN" "http://mybatis.org/dtd/mybatis-3-mapper.dtd">

<mapper namespace="CustomerMapper">

    <resultMap id="customerResultMap" type="cn.edu.zjut.po.Customer">
        <id property="customerId" column="customer_id"/>
        <result property="customerName" column="customer_name"/>
    </resultMap>

    <select id="getCustomer" resultType="cn.edu.zjut.po.Customer">
        SELECT * FROM Customer WHERE customer_id = #{customerId}
    </select>

    <select id="getCustomerOrders" resultMap="customerResultMap" parameterType="int">
        SELECT * FROM `Order` WHERE customer_id = #{customerId}
    </select>

</mapper>