<?xml version="1.0" encoding="UTF-8" ?>
<!DOCTYPE mapper PUBLIC "-//Mybatis.org/DTD Mapper 3.0//EN" "http://mybatis.org/dtd/mybatis-3-mapper.dtd">
<mapper namespace="UserMapper">
<!--    <select id="selectUserById" parameterType="Integer" resultType="cn.edu.zjut.po.MyUser">-->
<!--        Select * from user where uid = #{uid}-->
<!--    </select>-->
<!--    <select id="selectAllUser" resultType="cn.edu.zjut.po.MyUser">-->
<!--        Select * from user-->
<!--    </select>-->
<!--    <select id="selectAllUser" resultType="cn.edu.zjut.po.MyUser" parameterType="cn.edu.zjut.pojo.SelectUserParam">-->
<!--        Select * from user-->
<!--        where uname like concat('%',#{u_name},'%')-->
<!--          and usex = #{u_sex}-->
<!--    </select>-->
<!--    <select id="selectAllUser" resultType="map">-->
<!--        Select * from user-->
<!--    </select>-->
<!--    <insert id="addUser" parameterType="cn.edu.zjut.po.MyUser">-->
<!--        Insert into user (uname,usex) values(#{uname},#{usex})-->
<!--    </insert>-->
<!--    <insert id="addUser" parameterType="cn.edu.zjut.po.MyUser">-->
<!--        Insert into user (uid, uname, usex) values (#{uid}, #{uname}, #{usex})-->
<!--    </insert>-->
<!--    <update id="updateUser" parameterType="cn.edu.zjut.po.MyUser">-->
<!--        update user set uname=#{uname}, usex=#{usex} where uid=#{uid}-->
<!--    </update>-->
<!--    <delete id="deleteUser" parameterType="Integer">-->
<!--        delete from user where uid = #{uid}-->
<!--    </delete>-->
    <resultMap type="cn.edu.zjut.pojo.MapUser" id="myResult">
        <!-- property 是 com.pojo.MapUser 类中的属性-->
        <!-- column 是查询结果的列名，可以来自不同的表 -->
        <id property="m_uid" column="uid"/>
        <result property="m_uname" column="uname"/>
        <result property="m_usex" column="usex"/>
    </resultMap>
    <select id="selectResultMap" resultMap="myResult">
        Select * from user
    </select>

    <resultMap type="cn.edu.zjut.po.MyUser" id="userResultMap">
        <id property="uid" column="uid"/>
        <result property="uname" column="uname"/>
        <result property="usex" column="usex"/>
    </resultMap>
    <select id="selectUserById" resultMap="userResultMap" parameterType="Integer">
        SELECT * FROM user WHERE uid = #{uid}
    </select>

    <parameterMap type="cn.edu.zjut.po.MyUser" id="userParameterMap">
        <parameter property="uid" jdbcType="INTEGER" javaType="java.lang.Integer" mode="IN"/>
        <parameter property="uname" jdbcType="VARCHAR" javaType="java.lang.String" mode="IN"/>
        <parameter property="usex" jdbcType="VARCHAR" javaType="java.lang.String" mode="IN"/>
    </parameterMap>
    <insert id="addUserWithParamMap" parameterMap="userParameterMap">
        INSERT INTO user (uname, usex) VALUES (#{uname}, #{usex})
    </insert>

    <update id="updateUserWithParamMap" parameterMap="userParameterMap">
        UPDATE user SET uname=#{uname}, usex=#{usex} WHERE uid=#{uid}
    </update>

    <delete id="deleteUserWithParamMap" parameterMap="userParameterMap">
        DELETE FROM user WHERE uid=#{uid}
    </delete>


</mapper>
