<?xml version="1.0" encoding="UTF-8" ?>
<!DOCTYPE mapper
        PUBLIC "-//Mybatis.org/DTD Mapper 3.0//EN"
        "http://mybatis.org/dtd/mybatis-3-mapper.dtd">
<mapper namespace="cn.edu.zjut.mapper.UserMapper">
    <select id="selectUserById" parameterType="Integer"
            resultType="cn.edu.zjut.po.MyUser">
        Select *
        from user
        where uid = #{uid}
    </select>
    <select id="selectAllUsers" resultType="cn.edu.zjut.po.MyUser">
        Select *
        from user
    </select>
    <insert id="addUser" parameterType="cn.edu.zjut.po.MyUser">
        Insert into user (uname, usex)
        values (#{uname}, #{usex})
    </insert>
    <update id="updateUser" parameterType="cn.edu.zjut.po.MyUser">
        update user
        set uname=#{uname},
            usex=#{usex}
        where uid = #{uid}
    </update>
    <delete id="deleteUser" parameterType="Integer">
        delete
        from user
        where uid = #{uid}
    </delete>
</mapper>
