<?xml version="1.0" encoding="UTF-8" ?>
<!DOCTYPE struts PUBLIC
        "-//Apache Software Foundation//DTD Struts Configuration 6.0//EN"
        "http://struts.apache.org/dtds/struts-6.0.dtd">
<struts>
    <constant name="struts.enable.DynamicMethodInvocation" value="true"/>
    <constant name="struts.custom.i18n.resources" value="messages" />
    <constant name="struts.conversionPattern" value="yyyy-MM-dd" />
    <constant name="struts.typeConverter" value="cn.edu.zjut.converter.DateConverter" />
    <constant name="struts.custom.i18n.resources" value="UserAction" />
    <constant name="struts.i18n.encoding" value="UTF-8" />


    <package name="strutsBean" extends="struts-default" namespace="/">
<!--        <action name="login" class="cn.edu.zjut.action.UserAction" method="login">-->
        <action name="login" class="userAction" method="login">
            <result name="success">/loginSuccess.jsp</result>
            <result name="fail">/login.jsp</result>
            <result name="input">/login.jsp</result>
<!--            <interceptor-ref name="validation">-->
<!--                <param name="excludeMethods">input,back,cancel,browser,button,reset,image,submit</param>-->
<!--            </interceptor-ref>-->
        </action>

        <action name="register" class="userAction" method="register">
            <result name="regsuccess">/regSuccess.jsp</result>
            <result name="regfail">/regFail.jsp</result>
            <result name="input">/register.jsp</result>
        </action>

    </package>



</struts>