<?xml version="1.0" encoding="UTF-8" ?>
<!DOCTYPE struts PUBLIC
        "-//Apache Software Foundation//DTD Struts Configuration 6.0//EN"
        "http://struts.apache.org/dtds/struts-6.0.dtd">
<struts>
    <package name="strutsBean" extends="struts-default" namespace="/">
        <action name="login" class="cn.edu.zjut.action.UserAction">
            <result name="success">/loginSuccess.jsp</result>
            <result name="fail">/loginFail.jsp</result>
        </action>
    </package>
</struts>