<?xml version="1.0"?>
<!DOCTYPE hibernate-mapping PUBLIC "-//Hibernate/Hibernate Mapping DTD3.0//EN"
        "http://hibernate.sourceforge.net/hibernate-mapping-3.0.dtd">
<hibernate-mapping>
    <class name="cn.edu.zjut.po.Address" table="address2" catalog="hibernatedb">
        <id name="addressId" type="int">
            <column name="addressid"/>
<!--            <generator class="increment"/>-->
        </id>
        <property name="detail" type="java.lang.String">
            <column name="detail" length="200"/>
        </property>
        <property name="zipcode" type="java.lang.String">
            <column name="zipcode" length="10"/>
        </property>
        <property name="phone" type="java.lang.String">
            <column name="phone" length="20"/>
        </property>
        <property name="type" type="java.lang.String">
            <column name="type" length="20"/>
        </property>
        <set name="customers" table="cust_addr" cascade="none" inverse="true" lazy="true" >
            <key column="addr_id" />
            <many-to-many column="cust_id" class="cn.edu.zjut.po.Customer" />
        </set>
    </class>
</hibernate-mapping>
