<?xml version="1.0" encoding="UTF-8"?>
<ejb-jar xmlns="http://java.sun.com/xml/ns/javaee"
         xmlns:xsi="http://www.w3.org/2001/XMLSchema-instance"
         xsi:schemaLocation="http://java.sun.com/xml/ns/javaee
		  http://java.sun.com/xml/ns/javaee/ejb-jar_3_1.xsd"
         version="3.1">
    <enterprise-beans>
        <session>
            <ejb-name>HelloWorldEJB</ejb-name>
            <ejb-class>com.ejb.com.ejb.server.HelloWorldBean</ejb-class>
            <session-type>Stateless</session-type>
            <transaction-type>Container</transaction-type>
        </session>
    </enterprise-beans>
</ejb-jar>
