<?xml version="1.0" encoding="UTF-8" ?>
<beans xmlns="http://www.springframework.org/schema/beans"
       xmlns:xsi="http://www.w3.org/2001/XMLSchema-instance"
       xmlns:p="http://www.springframework.org/schema/p"
       xmlns:context="http://www.springframework.org/schema/context"
       xmlns:mvc="http://www.springframework.org/schema/mvc"
       xsi:schemaLocation="http://www.springframework.org/schema/beans
       http://www.springframework.org/schema/beans/spring-beans.xsd
       http://www.springframework.org/schema/context
       http://www.springframework.org/schema/context/spring-context.xsd
       http://www.springframework.org/schema/mvc
       http://www.springframework.org/schema/mvc/spring-mvc.xsd">
    <!-- 简化配置，相当于配置了 HandlerMapping、HandlerAdapter、HandlerExceptionResolver 三个特殊的 Bean，且在容器中注册了一系列支持HTTP消息转换的 Bean -->
    <mvc:annotation-driven/>
    <bean name="/login" class="cn.edu.zjut.controller.UserController">
        <property name="userServ" ref="userService"/>
    </bean>

    <bean id="userService" class="cn.edu.zjut.service.UserService"/>

    <bean class="org.springframework.web.servlet.view.InternalResourceViewResolver" id="internalResourceViewResolver">
        <property name="prefix" value="/"/>
        <property name="suffix" value=".jsp"/>
    </bean>
</beans>