<?xml version="1.0"?>
<!DOCTYPE hibernate-mapping PUBLIC "-//Hibernate/Hibernate Mapping DTD3.0//EN"
        "http://hibernate.sourceforge.net/hibernate-mapping-3.0.dtd">
<hibernate-mapping>
    <class name="cn.edu.zjut.po.Address" table="address3" catalog="hibernatedb">
        <id name="addressId" type="int">
            <column name="addressid"/>
            <generator class="foreign">
                <param name="property">customer</param>
            </generator>
        </id>
        <property name="detail" type="java.lang.String">
            <column name="detail" length="200"/>
        </property>
        <property name="zipcode" type="java.lang.String">
            <column name="zipcode" length="10"/>
        </property>
        <property name="phone" type="java.lang.String">
            <column name="phone" length="20"/>
        </property>
        <property name="type" type="java.lang.String">
            <column name="type" length="20"/>
        </property>
        <one-to-one name="customer" class="cn.edu.zjut.po.Customer" cascade="all" constrained="true"/>

    </class>
</hibernate-mapping>
