<?xml version="1.0" encoding="utf-8"?>
<!DOCTYPE hibernate-configuration PUBLIC
        "-//Hibernate/Hibernate Configuration DTD 3.0//EN"
        "http://hibernate.sourceforge.net/hibernate-configuration-3.0.dtd">
<hibernate-configuration>
    <session-factory>
        <property name="hibernate.connection.driver_class">com.mysql.jdbc.Driver</property>
        <property name="hibernate.connection.url">jdbc:mysql://127.0.0.1:3306/hibernatedb?useSSL=TRUE</property>
        <property name="hibernate.connection.username">root</property>
        <property name="hibernate.connection.password">123456</property>
        <property name="hibernate.dialect">org.hibernate.dialect.MySQL8Dialect</property>

<!--        &lt;!&ndash;打印 sql 语句&ndash;&gt;-->
<!--        <property name="hibernate.show_sql">true</property>-->
<!--        &lt;!&ndash;格式化 sql&ndash;&gt;-->
<!--        <property name="hibernate.format_sql">true</property>-->

        <mapping resource="Customer.hbm.xml" />
        <mapping resource="Address.hbm.xml" />
    </session-factory>
</hibernate-configuration>