machine,run_index,machine_label,matrix_size,requested_threads,actual_threads,time_seconds,check_value
windows_laptop,1,windows_laptop,2400,1,1,,
windows_laptop,2,windows_laptop,2400,1,1,,
windows_laptop,3,windows_laptop,2400,1,1,,
windows_laptop,1,windows_laptop,2400,2,2,,
windows_laptop,2,windows_laptop,2400,2,2,,
windows_laptop,3,windows_laptop,2400,2,2,,
linux_server,1,linux_server,1000,1,1,,
linux_server,2,linux_server,1000,1,1,,
linux_server,3,linux_server,1000,1,1,,
linux_server,1,linux_server,1000,2,2,,
linux_server,2,linux_server,1000,2,2,,
linux_server,3,linux_server,1000,2,2,,
