<?xml version="1.0"?>
<!DOCTYPE hibernate-mapping PUBLIC "-//Hibernate/Hibernate Mapping DTD3.0//EN"
        "http://hibernate.sourceforge.net/hibernate-mapping-3.0.dtd">
<hibernate-mapping>
    <class name="cn.edu.zjut.po.Item" table="item" catalog="hibernatedb">
<!--        <id name="itemID" type="string">-->
<!--            <column name="isbn"/>-->
<!--            <generator class="assigned"/>-->
<!--        </id>-->
<!--        <property name="title" type="string">-->
<!--            <column name="title" length="30"/>-->
<!--        </property>-->
        <composite-id name="ipk" class="cn.edu.zjut.po.ItemPK">
            <key-property name="itemID" column="ISBN"/>
            <key-property name="title" column="title"/>
        </composite-id>
        <property name="description" type="string">
            <column name="description" length="100"/>
        </property>
        <property name="cost" type="float">
            <column name="cost"/>
        </property>
    </class>
</hibernate-mapping>
