<?xml version="1.0" encoding="UTF-8"?>
<beans xmlns="http://www.springframework.org/schema/beans"
       xmlns:xsi="http://www.w3.org/2001/XMLSchema-instance"
       xmlns:context="http://www.springframework.org/schema/context"
       xmlns:aop="http://www.springframework.org/schema/aop"
       xmlns:tx="http://www.springframework.org/schema/tx"

       xsi:schemaLocation="http://www.springframework.org/schema/beans
http://www.springframework.org/schema/beans/spring-beans.xsd
http://www.springframework.org/schema/aop
http://www.springframework.org/schema/aop/spring-aop-5.0.xsd
http://www.springframework.org/schema/tx
http://www.springframework.org/schema/tx/spring-tx-5.0.xsd
http://www.springframework.org/schema/context
http://www.springframework.org/schema/context/spring-context-5.0.xsd">
    <bean id="dataSource" class="org.springframework.jdbc.datasource.DriverManagerDataSource">
        <property name="driverClassName"
                  value="com.mysql.cj.jdbc.Driver"/>
        <property name="url"
                  value="jdbc:mysql://localhost:3306/hibernatedb"/>
        <property name="username" value="root"/>
        <property name="password" value="admin123"/>
    </bean>
    <bean id="userDAO" class="cn.edu.zjut.dao.CustomerDAO"/>
    <bean id="sessionFactory"
          class="org.springframework.orm.hibernate5.LocalSessionFactoryBean">
        <property name="dataSource" ref="dataSource"/>
        <property name="hibernateProperties">
            <props>
                <prop key="hibernate.dialect">
                    org.hibernate.dialect.MySQLDialect
                </prop>
            </props>
        </property>
        <property name="mappingResources">
            <list>
                <value>Customer.hbm.xml</value>
            </list>
        </property>
    </bean>
    <bean id="base" class="cn.edu.zjut.dao.BaseHibernate">
        <property name="sessionFactory" ref="sessionFactory"/>
    </bean>
    <bean id="userService" class="cn.edu.zjut.service.UserService"
          parent="base">
        <property name="customerDAO" ref="userDAO"/>
    </bean>
    <bean id="userAction" class="cn.edu.zjut.action.UserAction"
          scope="prototype">
        <property name="userService" ref="userService"/>
    </bean>
    <bean id="transactionManager"
          class="org.springframework.orm.hibernate5.HibernateTransactionManager">
        <property name="sessionFactory">
            <ref bean="sessionFactory"/>
        </property>
    </bean>
    <tx:advice id="txAdvice" transaction-manager="transactionManager">
        <tx:attributes>
            <tx:method name="add*" propagation="REQUIRED"/>
            <tx:method name="update*" propagation="REQUIRED"/>
            <tx:method name="delete*" propagation="REQUIRED"/>
            <tx:method name="del*" propagation="REQUIRED"/>
            <tx:method name="*" read-only="true"/>
        </tx:attributes>
    </tx:advice>
    <aop:config>
        <aop:pointcut id="allServiceMethod"
                      expression="execution(* cn.edu.zjut.service.*.*(..))"/>
        <aop:advisor pointcut-ref="allServiceMethod"
                     advice-ref="txAdvice"/>
    </aop:config>
</beans>