<?xml version="1.0" encoding="UTF-8"?>
<Configuration status="WARN">
    <Properties>
        <property name="log_level" value="info" />
        <Property name="log_dir" value="log" />
        <property name="log_pattern"
                  value="[%d{yyyy-MM-dd HH:mm:ss.SSS}] [%p] - [%t] %logger - %m%n" />
        <property name="file_name" value="test" />
        <property name="every_file_size" value="100 MB" />
    </Properties>
    <Appenders>
        <Console name="Console" target="SYSTEM_OUT">
            <PatternLayout pattern="${log_pattern}" />
        </Console>
        <RollingFile name="RollingFile"
                     filename="${log_dir}/${file_name}.log"
                     filepattern="${log_dir}/$${date:yyyy-MM}/${file_name}-%d{yyyy-MM-dd}-%i.log">
            <ThresholdFilter level="DEBUG" onMatch="ACCEPT"
                             onMismatch="DENY" />
            <PatternLayout pattern="${log_pattern}" />
            <Policies>
                <SizeBasedTriggeringPolicy
                        size="${every_file_size}" />
                <TimeBasedTriggeringPolicy modulate="true"
                                           interval="1" />
            </Policies>
            <DefaultRolloverStrategy max="20" />
        </RollingFile>

        <RollingFile name="RollingFileErr"
                     fileName="${log_dir}/${file_name}-warnerr.log"
                     filePattern="${log_dir}/$${date:yyyy-MM}/${file_name}-%d{yyyy-MM-dd}-warnerr-%i.log">
            <ThresholdFilter level="WARN" onMatch="ACCEPT"
                             onMismatch="DENY" />
            <PatternLayout pattern="${log_pattern}" />
            <Policies>
                <SizeBasedTriggeringPolicy
                        size="${every_file_size}" />
                <TimeBasedTriggeringPolicy modulate="true"
                                           interval="1" />
            </Policies>
        </RollingFile>
    </Appenders>
    <Loggers>
        <Root level="${log_level}">
            <AppenderRef ref="Console" />
            <AppenderRef ref="RollingFile" />
            <appender-ref ref="RollingFileErr" />
        </Root>
    </Loggers>
</Configuration>