<?xml version="1.0" encoding="UTF-8" ?>
<!DOCTYPE struts PUBLIC
        "-//Apache Software Foundation//DTD Struts Configuration 6.0//EN"
        "http://struts.apache.org/dtds/struts-6.0.dtd">
<struts>
    <constant name="struts.enable.DynamicMethodInvocation" value="true"/>

    <package name="strutsBean" extends="struts-default" namespace="/">
<!--        <action name="login" class="cn.edu.zjut.action.UserAction" method="login">-->
        <action name="login" class="userAction" method="login">
            <result name="success">/loginSuccess.jsp</result>
            <result name="fail">/login.jsp</result>
            <result name="input">/login.jsp</result>
        </action>
        <action name="register" class="userAction" method="register">
            <result name="regsuccess">/regSuccess.jsp</result>
            <result name="regfail">/regFail.jsp</result>
        </action>

<!--        <action name="{1}" class="cn.edu.zjut.action.UserAction" method="{1}">-->
<!--            <result name="success">/{1}Success.jsp</result>-->
<!--            <result name="fail">/{1}Fail.jsp</result>-->
<!--            <allowed-methods>login,register</allowed-methods>-->
<!--        </action>-->



    </package>
</struts>