[
  {
    "order_id": "15701809",
    "name": "辣椒炒肉",
    "location": "A楼",
    "timestamp": "2025-06-30 10:33:15",
    "student_id": "1234",
    "student_name": "马哲超",
    "taking_start_timestamp": "2025-06-30 10:33:26",
    "taken_timestamp": "2025-06-30 10:41:31",
    "delivered_timestamp": "2025-06-30 10:42:03",
    "delivery_status": "已送达",
    "robot_id": "transbot_01"
  },
  {
    "order_id": "50924357",
    "name": "黄焖鸡米饭",
    "location": "B楼",
    "timestamp": "2025-06-30 10:34:52",
    "student_id": "302023333",
    "student_name": "ttt",
    "taking_start_timestamp": "2025-06-30 10:38:57",
    "taken_timestamp": "2025-06-30 10:44:01",
    "delivered_timestamp": "2025-06-30 10:45:05",
    "delivery_status": "已送达",
    "robot_id": "transbot_01"
  }
]